	Álbum	Ano	Música	Corpus
0	Dedicated	2019	No Drug Like Me	Take me to the limit, hold me down there You say you love me, but you wouldn't dare You're tryna make it easy, you know that I care You say you love me, but you wouldn't dare Oh, starry eyes, blurry eyes Feeling so intoxicated Worried eyes, I'm open wide Take me so up and down And if you make me feel in love, then I'll blossom for you If you make me open up, I'll tell only the truth When your mouth is running dry Your head high, hold on, baby You ain't tried no drug like me And if you make me feel in love, then I'll blossom for you If you make me open up, I'll tell only the truth When your mouth is running dry Keep head high, hold on, baby You ain't tried no drug like me I can see you spinning around in your head (There's a little ghost of us) A little history of us in there (Oh) And now we've finally got to the safe other side (Something's coming over us) Why would we risk it for another try? (Another try, come alive) Oh, starry eyes, blurry eyes Feeling so intoxicated Worried eyes, I'm open wide Take me so up and down And if you make me feel in love, then I'll blossom for you If you make me open up, I'll tell only the truth When your mouth is running dry Your head high, hold on, baby You ain't tried no drug like me And if you make me feel in love, then I'll blossom for you If you make me open up, I'll tell only the truth When your mouth is running dry Keep head high, hold on, baby You ain't tried no drug like me (You ain't tried no drug like me) Oh, starry eyes, blurry eyes Feeling so intoxicated Worried eyes, I'm open wide Take me so up and down And if you make me feel in love then I'll blossom for you (All for you) If you make me open up, I'll tell only the truth (All for you) When your mouth is running dry Your head high, hold on, baby You ain't tried no drug like me And if you make me feel in love then I'll blossom for you (All for you) If you make me open up, I'll tell only the truth (All for you) When your mouth is running dry Keep head high, hold on, baby You ain't tried no drug like me
1	Dedicated	2019	Everything He Needs	He's strong, not one to settle down You know he’s that guy Electric, those lips can wear me out Wild thing he's all mine It's crazy, but when he can’t sleep, I understand Like pressure points, my love can ease him in my hand 'Cause (He needs me) He needs me, he needs me He needs me, he needs me He needs me, he needs me (I got everything he needs) (He needs me) He needs me, he needs me He needs me, he needs me He needs me, he needs me (I got everything he needs) Soft rain (Soft rain), we roll the windows down Sweat disco all night It's clear (It's clear), we'd like to fool around His hands reach for mine I know it's tough, baby, keep both eyes on the road Pull right, a burnt-out streetlight, only halfway home (He needs me) He needs me, he needs me He needs me, he needs me He needs me, he needs me (I got everything he needs) (He needs me) He needs me, he needs me He needs me, he needs me He needs me, he needs me (I got everything he needs) Could never give him enough Enough of my love, enough of my love Enough of my I could never give him enough Enough of my love (He needs me) Could never give him enough Enough of my love, enough of my love Enough of my I could never give him enough Enough of my love (He needs me) You know, not just physically Emotionally, spiritually, intellectually, sexually All the ways He needs me, he needs me He needs me, he needs me He needs me, he needs me (I got everything he needs) (He needs me) He needs me, he needs me He needs me, he needs me He needs me, he needs me (He needs me) (I got everything he needs) Could never give him enough Enough of my love, enough of my love Enough of my I could never give him enough Enough of my love (He needs me) Could never give him enough Enough of my love, enough of my love Enough of my I could never give him enough Enough of my love (He needs me)
2	Dedicated	2019	Feels Right	Feels good waking up in your way My heart needed a holiday I bet we can make things slide into Monday I've been living with no regrets Love was just a night at best Two step, making the weekend slide into something One more night with you always turns to two I can't help it 'cause it feels right when it feels right 'Cause it feels like I've never loved Now I got ya, and I only think of you 'Cause it feels like I've never loved Now I'd do, boy, anything to step with you True fact Baby, I love you back, don't ask Nothing I want to say We know timing isn't right (Maybe one day) 'Til then, steal me a free weekend You're my complicated friend I'm just keeping the dream alive But I must say One more night with you always turns to two I can't help it 'cause it feels right, when it feels right 'Cause it feels like I've never loved Now I got ya, and I only think of you 'Cause it feels like I've never loved And I do, boy, anything to step with you Feels like I've been wasting time Look at all the things I've left behind You're the one to change my mind 'Cause it feels right when it feels right I don't know a thing I've done Livin' all my life with no damn one You're the one to change my mind 'Cause it feels right, when it feels right 'Cause it feels like I've never loved Now I got ya, and I only think of you 'Cause it feels like I've never loved Now I do, boy, anything to step with you
3	Dedicated	2019	Party for one	If you didn't know that you were right for me Then there's nothing I can say Tried to call you out to spend some time to see But somebody's in your way Tried to let it go and say I'm over you I'm not over you But I'm trying Party for one If you don't care about me I'll just dance for myself Back on my beat I'll be the one If you don't care about me Making love to myself Back on my beat You don't want my love If you don't care about me I'll just dance for myself Back on my beat Party for one If you don't care about me Making love to myself Back on my beat Ahh, ahh, ahh Once upon a time, I thought you wanted me Was there no one else to kiss? (No one else to kiss) Was it all a dream I let myself believe? I'm not over this (I'm not over this) But I'm trying Party for one (Hey) If you don't care about me I'll just dance for myself Back on my beat I'll be the one If you don't care about me (You don't care that I'm) Making love to myself Back on my beat You don't want my love If you don't care about me I'll just dance for myself Back on my beat (Back on my beat) Party for one If you don't care about me (You don't care about me) Making love to myself (Hey) Back on my beat Ahh, ahh (Back on my beat) Ahh, ahh, ahh Back on my beat Back on my beat Party for one 'Cause you don't care about me Back on my beat Back on my beat Party for one Back on my beat You don't want my love If you don't care about me (You don't care about me) I'll just dance for myself Back on my beat (Back on my beat) Party for one If you don't care about me (You don't care that I'm) Making love to myself Back on my beat Ahh Back on my beat Back on my beat (Ahh) Party for one (Ahh) (Back on my beat) Back on my beat Back on my beat (Ahh) Party for one Ahh
4	Dedicated	2019	Right Words Wrong Time	We put everything away California wasn't made for you Hate the traffic in LA I drove through it all to get to you Took a million miles to feel the final separation Don't you tell me now you know what you need I need to find a love to love me with no hesitation Don't you tell me now you're ready for me My baby, my baby You always got the right words at the wrong time This time, it's heartbreaking You always got the right words at the wrong time For me, for me You always got the right words at the wrong time For me, for me You always got the right words at the wrong I don't wanna see your face I'm afraid I couldn't wait for you I'm afraid that I would break Only want me when I'm leaving you Took a million miles to feel the final separation Don't you tell me now you know what you need I need to find a love to love me with no hesitation Don't you tell me now you're ready for me My baby, my baby You always got the right words at the wrong time This time, it's heartbreaking You always got the right words at the wrong time For me, for me You always got the right words at the wrong time For me, for me You always got the right words at the wrong time Baby boy, you've always got the right words But you always say them at the wrong time (It's getting late, I gotta say now) Baby boy, you've always got the right words (That you should go, yeah, you should go home) But you always say them at the wrong time (It's getting late) My baby (It's getting late) My baby (And you should go, and you should go) You always got the right words at the wrong time (It's getting late) This time, it's heartbreaking (It's getting late now) (And you should go, and you should go) You always got the right words at the wrong time (And you should go, you should go) For me, for me (And you should go, you should go) You always got the right words at the wrong time (And you should go, you should go) For me, for me ('Cause) You always got the right words at the wrong time
5	Dedicated	2019	Too Much	Am I bad for you? 'Cause I live for the fire, and the rain, and the drama, too, boy And it feels like you never say what you want And it feels like I can't get through, babe Ooh, babe 'Cause when I get so low, it takes me higher (Feel the love) I'm not afraid to know my heart's desire, ooh-ah! When I party, then I party too much When I feel it, then I feel it too much When I'm thinking, then I'm thinking too much When I'm drinking, then I'm drinking too much I'll do anything to get to the rush Now I'm dancing, and I'm dancing too much So be careful if you're wanting this touch 'Cause if I love you, then I love you too much Is this too, is this too Is this too much? Is this too, is this too Is this too much? Am I too close? 'Cause you fold into me like a heart with a beat I know now, I know now And did you know that I'm wild for your skin And the dance that we're in? So close now, so close now 'Cause when I get so low, it takes me higher (Feel the love) I'm not afraid to know my heart's desire, ooh-ah! When I party, then I party too much When I feel it, then I feel it too much When I'm thinking, then I'm thinking too much When I'm drinking, then I'm drinking too much I'll do anything to get to the rush Now I'm dancing, and I'm dancing too much So be careful if you're wanting this touch 'Cause if I love you, then I love you too much Is this too, is this too Is this too much? Is this too, is this too Is this too much? A fire in rainy season It's hard to get to know me Are you down, d-down I'm down, d-down I trust the, trust the feeling It's hard to get to know you But I'm down, d-down I'm down, d-down When I party, then I party too much When I feel it, then I feel it too much When I'm thinking, then I'm thinking too much When I'm drinking, then I'm drinking too much I'll do anything to get to the rush Now I'm dancing, and I'm dancing too much So be careful if you're wanting this touch 'Cause if I love you, then I love you too much Is this too, is this too Is this too much? Is this too, is this too Is this too much?
6	Dedicated	2019	Want You In My Room	When all the lights out (Hey), where you going? I keep a window, for you, it's always open I'm like a lighthouse, I'm a reminder of where you going I'm in your head now, from every second now Is your love growing? Oh, with you (Hey), a girl could get bolder I just wanna get a little bit closer (Ha-ah-ah) And I'll press you to the pages of my heart Don't go, no (Hey), the night's not over I just wanna get a little bit closer (A little bit closer) And I'll press you to the pages of my heart (Hey) (I want you in my room) On the bed, on the floor (I want you in my room) I don't care anymore I wanna do bad things to you Slide on through my window (I want you in my room) Baby, don't you want me, too? When no one loves you like they really mean it I got you covered, under covers Can you feel it? Oh, with you (Hey), a girl could get bolder I just wanna get a little bit closer (Ha-ah-ah) And I'll press you to the pages of my heart Don't go, no (Hey), the night's not over I just wanna get a little bit closer (A little bit closer) And I'll press you to the pages of my heart (Hey) (I want you in my room) On the bed, on the floor (I want you in my room) I don't care anymore I wanna do bad things to you Slide on through my window (I want you in my room) Baby, don't you want me, too? Baby, don't you want me, too? On the bed, on the floor Slide on through my window Baby, don't you want me, too?
7	Dedicated	2019	Now That I Found You	Waking up next to you every morning How did we get this far? It came without a warning And in the nighttime, you tell me your whole life You and me get too real but all I feel is alright My heart's a secret, mmm I think I'm coming alive, yeah I think I'm coming alive with you Tell me you'll keep it, mmm I think I'm coming alive, yeah I come alive with you Don't give it up, don't say it hurts 'Cause there's nothing like this feeling, baby Now that I found you I want it all No, there's nothing like this feeling, baby Now that I found you Now that I found you Now that I found you Give me the words I want, baby, just say it You know me way too well to keep it complicated I don't wanna hide my love I don't wanna waste it (I don't wanna waste it) But I can't deny the moment when I taste it My heart's a secret, mmm I think I'm coming alive, yeah I think I'm coming alive with you Tell me you'll keep it, mmm I think I'm coming alive, yeah I come alive with you Don't give it up (Don't give it up) Don't say it hurts (Don't say it hurts) 'Cause there's nothing like this feeling, baby Now that I found you I want it all (I want it all) No, there's nothing like this feeling, baby Now that I found you Now that I found you Now that I found you Thought it was impossible It's just like a miracle Say nothing's impossible now Now that I found, now that I found you Now that I found, now that I found you Don't say it hurts (Don't say it hurts) 'Cause there's nothing like this feeling, baby Now that I found you I want it all (I want it all) No, there's nothing like this feeling, baby Now that I found you (Oh) Now that I found you Now that I found you (Oh) Now that I found you Now that I found you
8	Dedicated	2019	I'll be your girl	"Now you're in love, I can see you sold out Where was I, pic-picture, cut my eyes out ""He’s so hypnotizing,"" said every girl you ever met When I lose, when I lose, I hold out You're my baby Come to bed, I'll be your girl Living for you Oh, but you’re living for her I go crazy, see red when she's touching you now You're my baby Come to bed, I'll be your girl Turn me on, I'm jealous of that night watch I'm the voyeur searching through my laptop It's so truth defying, everything you ever said Right or wrong, right or wrong, I won't stop You’re my baby Come to bed, I’ll be your girl Living for you Oh, but you're living for her I go crazy, see red when she’s touching you now You're my baby Come to bed, I'll be your girl (Ah) I'll be your girl (Ah) I’ll be your girl (Ah) I'll be your girl (Ah) Come to bed, I'll be your girl Standing at your door, calling out your name Find me in the dark, find me here again I got nothing left, make a little protest Banging on your door, calling out your name Find me in your heart, find me here again I got nothing left, make a little protest You're my baby Come to bed, I'll be your girl Living for you Oh, but you're living for her I go crazy, see red when she's touching you, now You're my baby Come to bed, I'll be your girl (Ah) All I mean is I'm going out of breath (Ah) For the way that I feel when you hold me like that (Ah) All I pray is I'm getting over it (Ah) I'd trade places today if you'd love me like that (Ah, ah) (Ah, ah)"
9	Dedicated	2019	Automatically In Love	I never thought about you You never thought about us Yeah, it came out of the blue And I was just dreaming It took a night of insane To feel the need for your touch And I could never explain How I was just dreaming Ooh, ooh-ooh Never guess what came after Ooh, ooh-ooh I fell Automatically in love Right away, baby, it's a real rollercoaster When the wind goes the other way But you and me, right away, baby We were automatically in love (In love) Right away, right away, baby Just a girl undercover and a boy with the getaway You and me, right away, baby We were automatically in love (In love) It's not the fear that you trust It's not the voice in your head We got the chemical rush And now we're just dreaming And we could wait for the proof A little time to adjust But every morning with you I wake up just dreaming Ooh, ooh-ooh Never guess what came after Ooh, ooh-ooh I fell Automatically in love Right away, baby, it's a real rollercoaster When the wind goes the other way But you and me, right away, baby We were automatically in love (In love) Right away, right away, baby Just a girl undercover and a boy with the getaway You and me, right away, baby We were automatically in love (In love) In love, in love Mmm, La-da-da-da-da, da-da Love's so fast, I can't go slow Hold me back, baby boy, oh, hold me close Love's so real, I can't go slow Can't imagine, right away, I feel it so Automatically in love Right away, baby, it's a real rollercoaster When the wind goes the other way But you and me, right away, baby We were automatically in love (In love) Right away, right away, baby Just a girl undercover and a boy with the getaway You and me, right away, baby We were automatically in love (In love) Mmm, mmm Hmm, hmm Automatically
10	Dedicated	2019	Real Love	The world is going crazy And it feels like I just don't know who to trust sometimes Something's coming over me, I need to get a hold of you now We're getting good at lying No one's saying what's keeping us all awake at night Something's coming over me, I need to get a hold of you now Standing here with you tonight, how do we turn on the light? I've got the feeling that the writing's on the wall And I'm so used to the lie, and you're so down to deny I've got the feeling you're the right thing after all I go everyday without it All I want is real, real love And I've been feeling weak without it Only want a real, real love I'm not even scared about it All I want is real, real love But I don't know a thing about it All I want is real, real love Real, real, real love Real, real, real love Real, real, real love All the chaos falling 'round I watch it like a movie that has come to life Something kind of numb about the way I keep on drowning it out Danger, I feel danger And I cannot find the breath to scream the words out right Every thought is paralyzing, need to find a way to you now Standing here with you tonight, how do we turn on the light? I've got the feeling that the writing's on the wall And I'm so used to the lie, you're so down to deny I've got the feeling you're the right thing after all I go everyday without it All I want is real, real love And I've been feeling weak without it Only want a real, real love I'm not even scared about it All I want is real, real love But I don't know a thing about it All I want is real, real love Real, real, real love Real, real, real love Real, real, real love I go everyday without it All I want is real, real love (Real, real, real love) And I've been feeling weak without it Only want a real, real love (Real, real, real love) I'm not even scared about it All I want is real, real love But I don't know a thing about it All I want is real, real love
11	Dedicated	2019	Happy Not Knowing	I fight, I fight All my feelings for you all night, all night Don't stare, don't stare I've got feelings for you I hide, I hide But I'll only go so far I don't have the energy To risk a broken heart When you're already killing me But if there's something between you and me Baby, I have no time for it I'm happy not knowing And please don't stir it up I'm sure it's nothing but some heartburn, baby And I'm happy not knowing All our friends that I know They've been trying to set us up together (Up together) I lie, I lie I say somebody else would suit you better (Suit you better) But I'll only go so far I don't have the energy To risk a broken heart When you're already killing me But if there's something between you and me Baby, I have no time for it I'm happy not knowing And please don't stir it up I'm sure it's nothing but some heartburn, baby And I'm happy not knowing I turn your love away 'cause I want to sleep at night It's just like my broken heart is my alibi I'm afraid, afraid, afraid, afraid of knowing What I'm knowing, what I'm knowing I'm happy not knowing But if there's something between you and me Baby, I have no time for it I'm happy not knowing And please don't stir it up I'm sure it's nothing but some heartburn, baby And I'm happy not knowing Where this goes How this goes (Happy not) If this goes (I'm happy not) Well, I'm happy not knowing Where this goes How this goes (Happy not) If this goes (I'm happy not) Well, I'm happy not knowing
12	Dedicated	2019	The Sound	(I give up, I give up I give up, I give up) I've been testing out the waters I don't think I can swim, love With the way you rock me 'round And I feel it, more than just desire I don't think I can breathe With the way you let me down God, you make me so tired Isn't this the vision that you wanted? (Isn't this the vision that you wanted?) Guess I'll never understand you now Love is more than telling me you want it (Love is more than telling me you) I don't need the words I want the sound, sound, sound, sound, sound (Sound, sound, sound, sound, sound) I don't need the words I want the sound, sound, sound, sound, sound (Sound, sound, sound, sound, sound) I don't need the words, I want the Fool's gold landed on my shoulder In the weight of your hand But you know the answer's no (Know the answer's no) And you know I'm a liar Oh, the night's my weakness I believe every word 'Cause your lips are waterfalls God, you make me so tired Isn't this the vision that you wanted? (Isn't this the vision that you wanted?) Guess I'll never understand you now Love is more than telling me you want it (Love is more than telling me you) I don't need the words I want the sound, sound, sound, sound, sound (Sound, sound, sound, sound, sound) I don't need the words I want the sound, sound, sound, sound, sound (Sound, sound, sound, sound, sound) I'm for you now, I feel my fortune tell me I'm the only one, the only one I'm for you now (Is it desire?), it's sweet until it's over I'm the only one (Is it desire?), the only one God, you make me so tired Isn't this the vision that you wanted? (Isn't this the vision that you wanted?) Guess I'll never understand you now Love is more than telling me you want it (Love is more than telling me you) I don't need the words I want the sound, sound, sound, sound, sound (Sound, sound, sound, sound, sound) I don't need the words I want the sound, sound, sound, sound, sound (Sound, sound, sound, sound, sound) I don't need the words I want the sound, sound, sound, sound, sound (I need it) (Sound, sound, sound, sound, sound) (I give up, I give up) I don't need the words I want the sound, sound, sound, sound, sound (Sound, sound, sound, sound, sound) (I give up, I give up) I don't need the words, I want the
13	Dedicated	2019	Julien	"Woke up this mornin', it feels like every day I got the blues, babe, not going away Another bad dream where you were running away I'm forever haunted by our time We had a moment, we had a summertime Asked me to leave with you, but I could never decide I've been so torn up, I've been so out of it I'm forever haunted by our time I've been all alone, on my own Every single night, I play When you coming home? Coming home? 'Cause I've been rarin' for that day Julien, in your heart, yeah, you must believe Julien, it was more than a fantasy To the end, to the last breath that I breathe I'll be whispering, ""Julien"" (Ah yeah, all night, yeah, Julien, Julien) I'll be whispering, ""Julien"" (Julien, Julien) To the last breath that I breathe (Julien) I tried another to keep me satisfied But all your colors are still dancing in my mind More than just lovers, I I'm forever haunted by our time I've been all alone, on my own Every single night, I play When you coming home? Coming home? 'Cause I've been rarin' for that day Julien, in your heart, yeah, you must believe Julien, it was more than a fantasy To the end, to the last breath that I breathe I'll be whispering, ""Julien"" (Ah yeah, all night, yeah, Julien, Julien) I'll be whispering, ""Julien"" (Julien, Julien) To the last breath that I breathe (Julien) Julien, to the last breath that I breathe Julien, it was more than a fantasy To the end, to the last breath that I breathe Julien, in your heart, yeah, you must believe Julien, it was more than a fantasy To the end, to the last breath that I breathe (Julien) I'll be whispering, ""Julien"" (Ah yeah, all night, yeah, Julien, Julien) I'll be whispering, ""Julien"" (Julien, Julien) To the last breath that I breathe (Julien) (Ah yeah, all night, yeah, Julien, Julien) (Julien, Juli—, Julien)"
14	Dedicated	2019	For sure	Six in the morning, can I hold you? Are we done talking? Do we have to? I've been thinking, we were over I've been thinking, got to know for sure I've been thinking, we were over I've been thinking, got to know for sure I've been thinking, we were over I've been thinking, got to know for sure I've been thinking, we were over I've been thinking, got to know for sure (Da-da-da-da, da-da-da-da, da-da-da-da) (Da-da-da-da, da-da-da-da, da-da-da-da) Got to know for sure (Da-da-da-da, da-da-da-da, da-da-da-da) (Da-da-da-da, da-da-da-da, da-da-da-da) Now I know what you want But it's too late (Ayy, ayy, ah) You're trying to bring me good love-loving But it won't take (Ayy, ayy, ayy, ayy) I've been thinking (I've been thinking) We were over (We were over) I've been thinking, got to know for sure I've been thinking (I've been thinking), we were over I've been thinking, got to know for sure I've been thinking, we were over I've been thinking, got to know for sure I've been thinking, we were over I've been thinking, got to know for sure (Da-da-da-da, da-da-da-da, da-da-da-da) (Da-da-da-da, da-da-da-da, da-da-da-da) Got to know for sure (Da-da-da-da, da-da-da-da, da-da-da-da) (Da-da-da-da, da-da-da-da, da-da-da-da) I've been thinking, we were over I've been thinking, got to know for sure I've been thinking, we were over I've been thinking, got to know for sure I was thinking we were over (Da-da-da-da, da-da-da-da, ah) I was thinking we were over (Da-da-da-da, da-da-da-da, da-da-da-da) I was thinking we were over (Ah) (Da-da-da-da, da-da-da-da, ayy, ayy, ah) I was thinking we were over
15	Emotion	2015	All That	I wanna play this for you all the time I wanna play this for you when you're feeling used and tired I wanna make the best so you want more Just let me in your arms Just let me in your arms I'll be the magic you won't ever see You can always rely on me to help you do what you want to do I wanna be the best you've ever known Just let me in your arms Just let me in your arms Show me if you want me, if I'm all that I will be there, I will be your friend Show me if you want me, if I'm all that I will be there, I will be your friend I'll be your lighthouse when you're lost at sea I'll keep my light on, baby You can always come to me I wanna be the place you call your home Just let me in your arms Just let me in your arms Show me if you want me, if I'm all that I will be there, I will be your friend Show me if you want me, if I'm all that I will be there, I will be your friend When you need me I will never let you come apart When you need me I will be your candle in the dark When you need someone, oh, let me be the one The only one, and the only one, and the only one Show me if you want me, if I'm all that (all that) I will be there, I will be your friend Show me if you want me, if I'm all that (all that) I will be there, I will be your friend Show me if you want me, if I'm all that (I will be there) I will be there, I will be your friend Show me if you want me, if I'm all that (I will be there) I will be there, I will be your friend (Show me if you want me) Show me if you want me, if I'm all that (And I will be your friend) I will be there, I will be your friend (Show me if you want me) Show me if you want me, if I'm all that (And I will be your friend) I will be there, I will be your friend (Show me if you want me) Show me if you want me, if I'm all that (Show me if you care) I will be there, I will be your friend (Show me if you want me - hey!) Show me if you want me, if I'm all that (Show me that you care) I will be there, I will be your friend (Show me that you care) I will be there, I will be your friend (Oh, show me that you care) I will be there, I will be your friend Just show me if you care
16	Emotion	2015	I Didn’t Just Come Here to Dance	I didn't just come here to dance If you know what I mean Do you know what I mean? If you'd just give me a chance You'd see what I see Do you see what I see? It's your fault Baby boy, cause you're the one that sparked this Shine a light With your eyes onto me in the darkness Hey, Joe's calling me over Tino is calling me over I only came here for you It's you, boy, you in the corner Something is taking me over I only came here for you I didn't just come here to dance If you know what I mean Do you know what I mean? If you just give me a chance You'd see what I see You'd see what I see I didn't just come here to dance If you know what I mean Do you know what I mean? If you just give me a chance You'd see what I see You'd see what I see I didn't just come here to dance Baby, I... I'm not going anywhere without you Walk me home Cause I like every single thing about you Hey, Joe's calling me over Tino is calling me over I only came here for you It's you, boy, you in the corner Something is taking me over I only came here for you I didn't just come here to dance If you know what I mean Do you know what I mean? If you'd just give me a chance You'd see what I see You'd see what I see I didn't just come here to dance If you know what I mean Do you know what I mean? If you'd just give me a chance You'd see what I see You'd see what I see I didn't just come here to dance Hey, Joe's calling me over Tino is calling me over I only came here for you It's you, boy, you in the corner Something is taking me over I only came here for you I didn't just come here to dance If you know what I mean Do you know what I mean? If you'd just give me a chance You'd see what I see Do you see what I see?
17	Emotion	2015	LA Hallucinations	I remember being naked We were young freaks just fresh to LA Never cared about the fake kids We would write and sing and wear whatever But money makes your whole world spin 'Til everything is dizzy, and And, suddenly... Planes, I'm hopping Cards, I'm dropping No shop can fill me up There's a little black hole in my golden cup, so You pour, and I'll say stop Planes, I'm hopping Cards, I'm dropping No shop can fill me up There's a little black hole in my golden cup, so You pour, and I'll say stop, so Take me into your arms again Shake me from L.A. hallucinations Haven't seen the boy in ages Used to stay up all night he and I Filling up each other's pages But the teeth come out when the camera flashes We said we'd always be the same But we lost each other in the game Cause suddenly... Planes, I'm hopping Cards, I'm dropping No shop can fill me up There's a little black hole in my golden cup, so You pour, and I'll say stop Planes, I'm hopping Cards, I'm dropping No shop can fill me up There's a little black hole in my golden cup, so You pour, and I'll say stop, so Take me into your arms again Shake me from L.A. hallucinations Buzzfeed buzzards, and TMZ crows What can I say that you don't already know? Buzzfeed buzzards, and TMZ crows If I just lie here, then will you let me go? Planes, I'm hopping Cards, I'm dropping No shop can fill me up There's a little black hole in my golden cup, so You pour, and I'll say stop Planes, I'm hopping Cards, I'm dropping No shop can fill me up There's a little black hole in my golden cup, so You pour, and I'll say stop, so Take me into your arms again Shake me from L.A. hallucinations Take me into your arms again (Buzzfeed buzzards and TMZ crows What can I say that you don't already know?) And shake me from L.A. hallucinations (Buzzfeed buzzards and TMZ crows If I just lie here, will you let me go?) Take me into your arms again (Buzzfeed buzzards and TMZ crows What can I say that you don't already know?) And shake me from L.A. hallucinations
18	Emotion	2015	Your Type	I used to be in love with you You used to be the first thing on my mind I know I’m just a friend to you That I will never get to call you mine But I still love you, I’m sorry, I’m sorry, I love you I didn’t mean to say what I said I miss you, I mean it, I tried not to feel it But I can’t get you out of my head And I want you to miss me when I’m not around you I know that you’re in town Oh, won't you come around to the spot that we met? I’m not the type of girl for you And I’m not going to pretend That I’m the type of girl you call more than a friend And I'd break all the rules for you Break my heart and start again I’m not the type of girl you call more than a friend I bet she acts so perfectly You probably eat up every word she says And if you ever think of me I bet I’m just a flicker in your head But I still love you, I’m sorry, I’m sorry, I love you I didn’t mean to say what I said I miss you, I mean it, I tried not to feel it But I can’t get you out of my head And I want you to miss me, when I’m not around you I know that you’re in town Oh won't you come around to the spot that we met I’m not the type of girl for you And I’m not going to pretend That I’m the type of girl you call more than a friend And I'd break all the rules for you Break my heart and start again I’m not the type of girl you call more than a friend I’ll make time for you (time for you) I’ll make time for you (time for you) I love you, I’m sorry, I’m sorry, I love you I didn’t mean to say what I said I miss you, I mean it, I tried not to feel it But I can’t get you out of my head I’m not the type of girl for you And I’m not going to pretend That I’m the type of girl you call more than a friend And I'd break all the rules for you Break my heart and start again I’m not the type of girl you call more than a friend I’ll make time for you (time for you) I’ll make time for you (time for you) I’ll make time for you (time for you) I’ll make time for you (time for you)
19	Emotion	2015	Run Away With Me	You're stuck in my head Stuck on my heart Stuck in my body, body I wanna go Get outta here I'm sick of the party, party I'd run away I'd run away with you This is the part You gotta say All that you're feeling, feeling Packing a bag Leaving tonight While everyone's sleeping, sleeping Let's run away I'll run away with you 'Cause you make me feel like I could be driving you all night And I'll find your lips in the streetlights I wanna be there with you, ooh Baby, take me to the feeling I'll be your sinner in secret When the lights go out Run away with me, run away with me Baby, every single minute I'll be your hero and win it When the lights go out Run away with me, run away with me Up in the clouds High as a kite Over the city, city We never sleep We never try When you are with me, with me I wanna stay I wanna stay here with you, ooh 'Cause you make me feel like I could be driving you all night And I'll find your lips in the streetlights I wanna be there with you, ooh Baby, take me to the feeling I'll be your sinner in secret When the lights go out Run away with me, run away with me Baby, every single minute I'll be your hero and win it When the lights go out Run away with me, run away with me Hold on to me, I never wanna let you go, ooh Over the weekend we could turn the world to gold, ooh Hold on to me, I never wanna let you go, ooh Over the weekend we could turn the world to gold My baby, take me to the feeling (take me to, take me to it) I'll be your sinner, in secret (oh, when the lights go) When the lights go out Run away with me (just run away) Run away with me (with me) (Oh, yeah yeah) baby Every single minute I'll be your hero and win it When the lights go out Run away with me, run away with me Run away with me, run away with me Run away with me, run away with me
20	Emotion	2015	When I Needed You	What if we could go back? We could take the words back You could take my love back And brush my hair behind my ear I don't know what you wanted I tried to be so perfect I thought that it was worth it To let myself just disappear You come to me in dreams at night (You come to me in dreams at night) I wake up and I see the light Sometimes I wish that I could change But not for me, for you So we could be together forever But I know, I know that I won't change for you 'Cause where were you for me when I needed someone? When I needed someone When I needed you, hey When I needed you, hey Once upon a time, I thought you were the hero I waited for you all night I closed my eyes and slept for years You kissed me like a sunrise My feet up to my forehead I felt it like a goodbye I'm not myself Sometimes I wish that I could change But not for me, for you So we could be together forever But I know, I know that I won't change for you 'Cause where were you for me when I needed someone? When I needed someone When I needed you, hey When I needed you, hey You come to me in dreams at night You come to me in dreams at night I don't want to work it out I'm not going to work it out I don't want to work it out No, I'm not going to, still... Sometimes I wish that I could change But not for me, for you So we could be together forever But I know, I know that I won't change for you 'Cause where were you for me When I needed someone when I needed someone? When I needed, hey When I needed, hey When I needed you, hey When I needed you, hey When I needed you, hey Hey, when I needed you...
21	Emotion	2015	Warm Blood	I've got a cavern of secrets None of them are for you Even if you wanted to keep them Where would you find the room? Let down my guard tonight I just don't care anymore And I've told a hundred lies But I don't wanna tell you any at all And I can not control it The way you're making me feel And you have got me going Spinning in circles 'round your warm blood Warm blood feels good I can't control it anymore Sweet one, you should stop me there, but I keep on talking I would throw in the towel for you, boy 'Cause you lift me up and catch me when I'm falling for you I saw myself tonight Caught my reflection in the mirror My hands and heart were tied But I was scared of almost nothing at all And I can not control it The way you're making me feel And you have got me going Spinning in circles 'round your warm blood Warm blood feels good I can't control it anymore Sweet one, you should stop me there, but I keep on talking I would throw in the towel for you, boy 'Cause you lift me up and catch me when I'm falling for you Warm blood, underneath my skin Warm blood, my heart is pumping Warm blood, underneath my skin Warm blood, my heart is pumping Warm blood feels good I can't control it anymore Sweet one, you should stop me there, but I keep on talking I would throw in the towel for you, boy 'Cause you lift me up and catch me when I'm falling for you You catch me when I'm falling for you You catch me when I'm falling Warm blood feels good I can't control it anymore Sweet one, you should stop me there, but I keep on talking I would throw in the towel for you, boy 'Cause you lift me up and catch me when I'm falling for you Warm blood, underneath my skin Warm blood, my heart is pumping Warm blood, underneath my skin Warm blood, my heart is pumping
22	Emotion	2015	Making The Most Of The Night	You and me We been hanging around for the longest time I know when you're down Know what you need to get you high Top down Like the wind through your hair on a summer's night Outside All of your fears, leaving them behind Here I come now Baby, I'm speeding and red lights, I'll run What I got, you need it And I'll run to your side when your heart is bleeding I'm coming to getcha, to getcha, to getcha, ooh I know you've had a rough time But here I come to hijack you, hijack you I'll love you while Making the most of the night I know you've had a rough time But here I come I'mma hijack you, hijack you I'll love you while We're making the most of the night I know you've had a rough time But here I come to hijack you, hijack you I'll love you while Making the most of the night I know you've had a rough time But here I come I'mma hijack you, hijack you I'll love you while We're making the most of the night Your eyes wide Like you never seen the ocean, never seen the tides No hope Now you're seeing things that you'd lost sight of Taking off Got your hands in the air, and you're feeling alright Gold mines glisten on the skin for you and I Here I come now Baby, I'm speeding and red lights, I'll run What I got, you need it And I'll run to your side when your heart is bleeding I'm coming to getcha, to getcha, to getcha, ooh I know you've had a rough time But here I come to hijack you, hijack you I'll love you while Making the most of the night I know you've had a rough time But here I come I'mma hijack you, hijack you I'll love you while We're making the most of the night I know you've had a rough time But here I come to hijack you, hijack you I'll love you while Making the most of the night I know you've had a rough time But here I come I'mma hijack you, hijack you I'll love you while We're making the most of the night Now baby, take my hand now, don't you cry I won't let you stay here, I won't let you hide No more tears, don't waste another day Another day Go on and fight, don't lay down to die Come on get up, you'll make it through okay Come on get up, don't waste another day I know you've had a rough time But here I come to hijack you, hijack you I'll love you while Making the most of the night I know you've had a rough time But here I come I'mma hijack you, hijack you I'll love you while We're making the most of the night I know you've had a rough time But here I come to hijack you, hijack you I'll love you while Making the most of the night I know you've had a rough time But here I come I'mma hijack you, hijack you I'll love you while We're making the most of the night We're making the most of the night We're making the most of the night
23	Emotion	2015	Boy Problems	"""If you're gonna go then go"" She said to me on the phone ""So tired of hearin' all your boy problems If you're gonna stay then stay He's not gonna change anyway So tired of hearin' all your boy problems"" And I know that she's right And I should not be offended Yeah, I know what it looks like from the outside I know that she's right And I should not be offended Yeah, I know what it looks like from the outside, from the outside Boy problems, who's got 'em? I've got 'em too Boy trouble, we've got double Don't know what to do I think I broke up with my boyfriend today and I don't really care I've got worse problems (I broke up with my boyfriend) I think I broke up with my boyfriend today and I don't really care I've got worse problems (I broke up with my boyfriend, yeah) ""Carly, you got to let it go!"" She said to me on the phone ""So tired of hearin' all your boy problems It could be the perfect day He'll just make it rain anyway So tired of hearin' all your boy problems"" And I know that she's right And I should not be offended Yeah, I know what it looks like from the outside I know that she's right And I should not be offended Yeah, I know what it looks like from the outside From the outside Boy problems, who's got 'em? I've got 'em too Boy trouble, we've got double Don't know what to do I think I broke up with my boyfriend today and I don't really care I've got worse problems (I broke up with my boyfriend) I think I broke up with my boyfriend today and I don't really care I've got worse problems (I broke up with my boyfriend, yeah) What's worse, losing a lover or losing your best friend? Oh oh oh oh oh What's worse is when you discover you're not good for each other She's been giving, you've been taking, taking, taking Boy problems, who's got 'em? I've got 'em too Boy trouble, we've got double Don't know what to do I think I broke up with my boyfriend today and I don't really care I've got worse problems (I broke up with my boyfriend) I think I broke up with my boyfriend today and I don't really care I've got worse problems (I broke up with my boyfriend, yeah) Boy problems, who's got 'em? I've got 'em too Boy trouble, we've got double Don't know what to do Boy problems, who's got 'em? I've got 'em too Boy trouble, we've got double Don't know what to do Boy problems, who's got 'em? I've got 'em too"
24	Emotion	2015	Black Heart	I don't care 'bout your good intentions I care more 'bout your bad dreams I wanna love on a new dimension You know I'm gonna be Under the blossom tree (Come a little closer, won't you come a little closer to me?) You're my miracle, oh-oh-oh Under the blossom tree (Come a little closer, won't you come a little closer to me?) 'Cause you're my miracle, oh-oh-oh-oh-oh-oh In your black heart is where you'll find me Cutting through the cracks of the concrete In your black heart is where you'll find me waiting You think love is a destination Like a show on your TV You're a cry to your generation But don't you cry to me Under the blossom tree (Come a little closer, won't you come a little closer to me?) You're my miracle, oh-oh-oh Under the blossom tree (Come a little closer, won't you come a little closer to me?) You're my miracle In your black heart is where you'll find me Cutting through the cracks of the concrete In your black heart is where you'll find me waiting In your black heart is where you'll find me Cutting through the cracks of the concrete In your black heart is where you'll find me waiting Everything you ever wanted Now it's happening, now it's happening (black heart) Everything you ever wanted Now it's happening, under the blossom tree (black heart) Everything you ever wanted Now it's happening, now it's happening (black heart) Everything you ever wanted Now it's happening, under the blossom tree (black heart)
25	Emotion	2015	Favourite Colour	Hold on now This is getting kinda serious This is getting kinda out of control Out of control Slow down now Breathing heavy, when it's just a kiss This is getting kinda out of my hands Out of my hands Please don't go, look real close Eyes that show kaleidoscopes When I'm close to you We blend into my favourite colour I'm bright baby blue falling into you Falling for each other When I'm close to you We blend into my favourite colour I'm bright baby blue falling into you Falling for each other Should I stay? Making love until the morning light Making out like it's the end of the world And I really wanna get it right But it's getting hard to slow down Got me feeling like it's real for sure This is getting kinda out of my head I'm out of my head When I'm close to you We blend into my favourite colour I'm bright baby blue falling into you Falling for each other When I'm close to you We blend into my favourite colour I'm bright baby blue falling into you Falling for each other Paint me up, me up, me up You're my favourite colour Paint me up, me up, me up You're my favourite colour Paint me up, me up, me up You're my favourite colour Paint me up, me up, me up Please don't go, look real close (Paint me up, me up, me up) Eyes that show kaleidoscopes (Paint me up, me up, me up) When I'm close to you We blend into my favourite colour I'm bright baby blue falling into you Falling for each other When I'm close to you We blend into my favourite colour I'm bright baby blue falling into you Falling for each other Paint me up, me up, me up You're my favourite colour Paint me up, me up, me up You're my favourite colour Paint me up, me up, me up You're my favourite colour Paint me up, me up, me up You're my favourite colour
26	Emotion	2015	Love Again	Open up your heart to the ceiling Don't you know it hurts for a reason Time will take you back to believing You'll learn to love again You'll learn to love again Stars, won't you shine on me Won't you dance with me Me and my baby Life, it's enough to cry It's a lot to give and it's driving me crazy I never meant to fight with you I wanted us to stay together And even though my love is true I know that we can't be together Open up your heart to the ceiling Don't you know it hurts for a reason Time will take you back to believing You'll learn to love again You'll learn to love again Somewhere out there someone is breathing Just for you their heart keeps on beating Time will take you back to believing You'll learn to love again You'll learn to love again Moon, where's the man in you Show the way to us The sky is turning black now Moon, what you trying to do It's too late for us and there's no turning back now I never meant to fight with you I wanted us to stay together And even though my love is true I know that we can't be together Open up your heart to the ceiling Don't you know it hurts for a reason Time will take you back to believing You'll learn to love again You'll learn to love again Somewhere out there someone is breathing Just for you their heart keeps on beating Time will take you back to believing You'll learn to love again You'll learn to love again You'll learn to love again You'll learn to love again Open up your heart to the ceiling Don't you know it hurts for a reason Time will take you back to believing You'll learn to love again You'll learn to love again Somewhere out there someone is breathing Just for you their heart keeps on beating Time will take you back to believing You'll learn to love again You'll learn to love again You'll learn to love again You'll learn to love again
27	Emotion	2015	I Really Like You	I really wanna stop, but I just got the taste for it I feel like I could fly with the boy on the moon So honey, hold my hand, you like making me wait for it I feel like I could die walking up to the room, oh yeah Late night watching television But how'd we get in this position? It's way too soon, I know this isn't love But I need to tell you something I really, really, really, really, really, really like you And I want you, do you want me, do you want me too? I really, really, really, really, really, really like you And I want you, do you want me, do you want me too? Oh, did I say too much? I’m so in my head when we’re out of touch I really, really, really, really, really, really like you And I want you, do you want me, do you want me too? It's like everything you say is a sweet revelation All I wanna do is get into your head Yeah, we could stay alone You and me, and this temptation Sipping on your lips, hanging on by a thread, baby Late night watching television But how'd we get in this position? It's way too soon, I know this isn't love (Love) But I need to tell you something I really, really, really, really, really, really like you And I want you, do you want me, do you want me too? I really, really, really, really, really, really like you And I want you, do you want me, do you want me too? Oh, did I say too much? I’m so in my head when we’re out of touch (When we’re out of touch!) I really, really, really, really, really, really like you And I want you, do you want me, do you want me too? Who gave you eyes like that? Said you could keep them I don’t know how to act Or if I should be leaving I’m running out of time Going out of my mind I need to tell you something Yeah, I need to tell you something Yeah! I really, really, really, really, really, really like you And I want you, do you want me, do you want me too? I really, really, really, really, really, really like you (Oh oh oh) And I want you, do you want me, do you want me too? Oh, did I say too much? (Did I say too much?) I’m so in my head when we’re out of touch (I’m so in my head, when we’re out of touch) I really, really, really, really, really, really like you And I want you, do you want me, do you want me too? (Yeah!) I really, really, really, really, really, really like you And I want you, do you want me, do you want me too? (Yeah, I need to tell you something) I really, really, really, really, really, really like you (Oh, yeah) And I want you, do you want me, do you want me too?
28	Emotion	2015	Emotion	Be tormented by me, babe Wonder, wonder how I do How's the weather? Am I better? Better now that there's no you? Drink tequila for me, babe Let it hit you cold and hot Let your feelings be revealing that you can't forget me Not a flower on the wall I am growing ten feet, ten feet tall In your head and I won't stop Until you forget me, get me not In your fantasy, dream about me And all that we could do with this emotion Fantasy, dream about me And all that we could do with this emotion This emotion, I feel it This emotion, you feel it All that we could do with this emotion Paint a picture for me, boy Where the sky's forever blue Tell me there is nothing I can't have and nothing you won't do Toss and turn without me, boy Let it hit you cold and hot All my kisses, say you'll miss it and you can't forget me Not a flower on the wall I am growing ten feet, ten feet tall In your head and I won't stop Until you forget me, get me not In your fantasy, dream about me And all that we could do with this emotion Fantasy, dream about me And all that we could do with this emotion This emotion, I feel it This emotion, you feel it All that we could do with this emotion What if I turn the lights right down? I feel it What if I turn the lights right down? You feel it You and me in the dark right now I feel it In your fantasy, dream about me And all that we could do with this emotion Fantasy, dream about me And all that we could do with this emotion This emotion, I feel it This emotion, you feel it All that we could do with this emotion
29	Emotion	2015	Gimmie Love	Worlds fly by Drove by your place, and stopped again tonight I know I said that I'm too scared to try But I still think about you, think about you I can't lie I like the feeling how you make me shy I'll share my secrets, and I will not hide I know that one could be two, one could be two Gimmie love Gimmie love, gimmie love, gimmie love, gimmie love Gimmie touch 'Cause I want what I want, do you think that I want too much? Gimmie love, gimmie love, gimmie love, gimmie love Fall into me and then Gimmie love Gimmie love, gimmie love, gimmie love, gimmie love Gimmie please 'Cause I want what I want, but with you it's what I need Gimmie love, gimmie love, gimmie love, gimmie love Gimmie love, gimmie love, gimmie love, gimmie love Eyes so bright You've got a hold of me the whole damn night I toss and turn, but still I can't sleep right I should've asked you to stay, begged you to stay But when I get right next to you I hear this heartbeat break in two I feel the earthquake in the room and so I pray Fall into me and then Gimmie love Gimmie love, gimmie love, gimmie love, gimmie love Gimmie touch 'Cause I want what I want, do you think that I want too much? Gimmie love, gimmie love, gimmie love, gimmie love Fall into me and then Gimmie love Gimmie love, gimmie love, gimmie love, gimmie love Gimmie please 'Cause I want what I want, but with you it's what I need Gimmie love, gimmie love, gimmie love, gimmie love Gimmie love, gimmie love, gimmie love, gimmie love Gimmie love (ooh) It's the way we are together (ooh) Wanna feel like this forever, forever (ooh) It's the way we are together And I never thought I'd ever say forever Gimmie love Gimmie love, gimmie love, gimmie love, gimmie love Gimmie touch 'Cause I want what I want, do you think that I want too much? Gimmie love, gimmie love, gimmie love, gimmie love Fall into me and then Gimmie love Gimmie love, gimmie love, gimmie love, gimmie love Gimmie please 'Cause I want what I want, but with you it's what I need Gimmie love, gimmie love, gimmie love, gimmie love Gimmie love, gimmie love, gimmie love, gimmie love
30	Emotion	2015	Let’s Get Lost	I was never one to want to Put my trust in someone else completely And I was always one to want to up and run When someone said they needed me But you... You could be the one Yeah, you could be the one Baby, let's go get lost I like that you're driving slow Keeping my fingers crossed That maybe you'll take the long way home Let's get lost I don't wanna let you go Keeping my fingers crossed That maybe you'll take the long way home Baby, let's take the long way home I was always shy and careful I was sure that you would never look at me Never wanted to discourage Everything your eyes encouraged silently But you... You could be the one Yeah, you could be the one Baby, let's go get lost I like that you're driving slow Keeping my fingers crossed That maybe you'll take the long way home Let's get lost I don't wanna let you go Keeping my fingers crossed That maybe you'll take the long way home Baby, let's take the long way home Baby, let's take the long way home Let's get lost (let's get lost) You wanna get lost? (You wanna get lost?) Let's get lost (let's get lost) I wanna get lost Baby, let's go get lost I like that you're driving slow Keeping my fingers crossed That maybe you'll take the long way home Let's get lost I don't wanna let you go Keeping my fingers crossed That maybe you'll take the long way home Baby, let's take the long way home Baby, let's take the long way home Baby, let's take the long way home
